{
    "root":"/data/lc/JDE_data",
    "train":
    {
        "mot17":"../lib/dataset/mot/data/mot17.train",
        "caltech":"../lib/dataset/mot/data/caltech.train",
        "citypersons":"../lib/dataset/mot/data/citypersons.train",
        "cuhksysu":"../lib/dataset/mot/data/cuhksysu.train",
        "prw":"../lib/dataset/mot/data/prw.train",
        "eth":"../lib/dataset/mot/data/eth.train",
        "crowdhuman_train":"../lib/dataset/mot/data/crowdhuman.train",
        "crowdhuman_test":"../lib/dataset/mot/data/crowdhuman.val"
    },
    "test_emb":
    {
        "mot15":"../lib/dataset/mot/data/mot15.val"
    },
    "test":
    {
        "mot15":"../lib/dataset/mot/data/mot15.val"
    }
}
